epoch,train loss,val loss,swa
0.0,0.9907501749815693,0.9755430278468404,n
19.0,0.2757312683196461,0.34576216182721037,y
39.0,0.15834319089963045,0.3138839647084895,y
