,ax_r2,saas_r2,ax10-90_r2
0,0.5822784244604917,0.7164644039908635,0.9315563789937691
1,0.20410092822629644,0.6051885008975726,0.9243331393126333
2,0.3971754881990366,0.8625018080547568,0.8890783521987063
3,0.29787766366960877,0.6549732894774329,0.9483428016561352
4,0.4749882306640798,0.7750517365112908,0.9657679244391771
