epoch,train loss,val loss,swa
0.0,50.00383544921875,50.00383544921875,n
19.0,40.3868062210083,40.3868062210083,y
39.0,31.082995185852052,31.082995185852052,y
